{
    "identityPoolName": "dollarcity9d3051e2_identitypool_9d3051e2",
    "allowUnauthenticatedIdentities": false,
    "resourceNameTruncated": "dollar9d3051e2",
    "userPoolName": "dollarcity9d3051e2_userpool_9d3051e2",
    "autoVerifiedAttributes": [
        "email"
    ],
    "mfaConfiguration": "OFF",
    "mfaTypes": [
        "SMS Text Message"
    ],
    "smsAuthenticationMessage": "Your authentication code is {####}",
    "smsVerificationMessage": "Your verification code is {####}",
    "emailVerificationSubject": "Your verification code",
    "emailVerificationMessage": "Your verification code is {####}",
    "defaultPasswordPolicy": false,
    "passwordPolicyMinLength": 8,
    "passwordPolicyCharacters": [],
    "requiredAttributes": [
        "email"
    ],
    "aliasAttributes": [
        "email"
    ],
    "userpoolClientGenerateSecret": false,
    "userpoolClientRefreshTokenValidity": 30,
    "userpoolClientWriteAttributes": [
        "email"
    ],
    "userpoolClientReadAttributes": [
        "email"
    ],
    "userpoolClientLambdaRole": "dollar9d3051e2_userpoolclient_lambda_role",
    "userpoolClientSetAttributes": false,
    "sharedId": "9d3051e2",
    "resourceName": "dollarcity9d3051e2",
    "authSelections": "identityPoolAndUserPool",
    "authRoleArn": {
        "Fn::GetAtt": [
            "AuthRole",
            "Arn"
        ]
    },
    "unauthRoleArn": {
        "Fn::GetAtt": [
            "UnauthRole",
            "Arn"
        ]
    },
    "useDefault": "defaultSocial",
    "hostedUI": true,
    "hostedUIDomainName": "dollarcity9d3051e2-9d3051e2",
    "authProvidersUserPool": [
        "Facebook",
        "Google"
    ],
    "hostedUIProviderMeta": "[{\"ProviderName\":\"Facebook\",\"authorize_scopes\":\"email,public_profile\",\"AttributeMapping\":{\"email\":\"email\",\"username\":\"id\"}},{\"ProviderName\":\"Google\",\"authorize_scopes\":\"openid email profile\",\"AttributeMapping\":{\"email\":\"email\",\"username\":\"sub\"}}]",
    "oAuthMetadata": "{\"AllowedOAuthFlows\":[\"code\"],\"AllowedOAuthScopes\":[\"phone\",\"email\",\"openid\",\"profile\",\"aws.cognito.signin.user.admin\"],\"CallbackURLs\":[\"http://localhost:4200/\"],\"LogoutURLs\":[\"http://localhost:4200/\"]}",
    "userPoolGroupList": [],
    "serviceName": "Cognito",
    "usernameCaseSensitive": false,
    "dependsOn": []
}