{
  "providers": {
    "awscloudformation": {
      "AuthRoleName": "amplify-dollarcity-dev-205430-authRole",
      "UnauthRoleArn": "arn:aws:iam::233052408775:role/amplify-dollarcity-dev-205430-unauthRole",
      "AuthRoleArn": "arn:aws:iam::233052408775:role/amplify-dollarcity-dev-205430-authRole",
      "Region": "us-east-2",
      "DeploymentBucketName": "amplify-dollarcity-dev-205430-deployment",
      "UnauthRoleName": "amplify-dollarcity-dev-205430-unauthRole",
      "StackName": "amplify-dollarcity-dev-205430",
      "StackId": "arn:aws:cloudformation:us-east-2:233052408775:stack/amplify-dollarcity-dev-205430/bee91480-f8b4-11eb-9e7e-022e7fe709ee",
      "AmplifyAppId": "d6wtcmhz5r96s"
    }
  },
  "auth": {
    "dollarcity9d3051e2": {
      "service": "Cognito",
      "providerPlugin": "awscloudformation",
      "dependsOn": [],
      "customAuth": false,
      "frontendAuthConfig": {
        "loginMechanism": [
          "EMAIL"
        ],
        "signupAttributes": [
          "EMAIL"
        ],
        "passwordProtectionSettings": {
          "passwordPolicyMinLength": 8,
          "passwordPolicyCharacters": []
        },
        "mfaConfiguration": "OFF",
        "mfaTypes": [
          "SMS"
        ]
      },
      "providerMetadata": {
        "s3TemplateURL": "https://s3.amazonaws.com/amplify-dollarcity-dev-205430-deployment/amplify-cfn-templates/auth/dollarcity9d3051e2-cloudformation-template.yml",
        "logicalId": "authdollarcity9d3051e2"
      },
      "lastPushTimeStamp": "2021-08-09T02:06:57.762Z",
      "output": {
        "UserPoolId": "us-east-2_M39Idxzru",
        "AppClientIDWeb": "49qntc23sv31ckdunjpujhplue",
        "AppClientID": "dem2jph269avquu891ma5e4kp",
        "HostedUIDomain": "dollarcity9d3051e2-9d3051e2-dev",
        "IdentityPoolId": "us-east-2:342db6ba-3d18-4dff-8ffa-2315ff0cf318",
        "UserPoolArn": "arn:aws:cognito-idp:us-east-2:233052408775:userpool/us-east-2_M39Idxzru",
        "IdentityPoolName": "dollarcity9d3051e2_identitypool_9d3051e2__dev",
        "OAuthMetadata": "{\"AllowedOAuthFlows\":[\"code\"],\"AllowedOAuthScopes\":[\"phone\",\"email\",\"openid\",\"profile\",\"aws.cognito.signin.user.admin\"],\"CallbackURLs\":[\"http://localhost:4200/\"],\"LogoutURLs\":[\"http://localhost:4200/\"]}",
        "UserPoolName": "dollarcity9d3051e2_userpool_9d3051e2"
      },
      "lastPushDirHash": "6MCzBEYJtfTKIdwBxqkYzjgf+Fc="
    }
  }
}